{"cameraMode":{"drawMode":0,"name":"Shaded","section":"Shading Mode"},"sceneLighting":true,"audioPlay":false,"sceneViewState":{"showFog":true,"showMaterialUpdate":false,"showSkybox":true,"showFlares":true,"showImageEffects":true,"showParticleSystems":true},"in2DMode":false,"pivot":{"x":0.12942413985729218,"y":2.68350887298584,"z":0.25887471437454226},"rotation":{"x":-0.21308329701423646,"y":-0.028729574754834176,"z":0.006256601773202419,"w":-0.9766549468040466},"size":16.678863525390626,"orthographic":true}