{"cameraMode":{"drawMode":0,"name":"Shaded","section":"Shading Mode"},"sceneLighting":true,"audioPlay":false,"sceneViewState":{"showFog":true,"showMaterialUpdate":false,"showSkybox":true,"showFlares":true,"showImageEffects":true,"showParticleSystems":true},"in2DMode":false,"pivot":{"x":0.7919905185699463,"y":-16.602691650390626,"z":23.234268188476564},"rotation":{"x":0.28987637162208559,"y":-0.03588388115167618,"z":0.01087694801390171,"w":0.956335186958313},"size":68.87608337402344,"orthographic":false}